time,value
1783440491,60
1783440492,58
1783440493,61
1783440494,63
1783440495,62
1783440496,63
1783440497,64
1783440498,62
1783440499,59
1783440500,59
1783440501,59
1783440502,59
1783440504,59
1783440505,62
1783440506,60
1783440507,60
1783440508,63
1783440509,66
1783440510,64
1783440511,62
1783440512,64
1783440513,66
1783440514,65
1783440515,68
1783440516,66
1783440517,63
1783440518,64
1783440519,66
1783440520,68
1783440521,71
1783440522,74
1783440523,76
1783440524,76
1783440525,77
1783440526,79
1783440527,81
1783440528,83
1783440529,83
1783440530,81
1783440531,83
1783440533,83
1783440534,84
1783440535,82
1783440536,85
1783440537,82
1783440538,83
1783440539,81
1783440540,83
1783440541,82
1783440542,85
1783440543,88
1783440544,90
1783440545,91
1783440546,91
1783440547,92
1783440548,92
1783440549,93
1783440550,93
1783440551,96
1783440552,93
1783440553,93
1783440554,91
1783440555,90
1783440556,93
1783440557,93
1783440558,95
1783440559,95
1783440560,98
1783440561,97
1783440562,96
1783440564,94
1783440565,97
1783440566,94
1783440567,92
1783440568,93
1783440569,91
1783440570,90
1783440571,88
1783440572,86
1783440573,85
1783440574,83
1783440575,86
1783440576,85
1783440577,88
1783440578,85
1783440579,85
1783440580,87
1783440581,87
1783440582,88
1783440583,85
1783440584,88
1783440585,90
1783440586,87
1783440587,86
1783440588,83
1783440589,86
1783440590,86
1783440591,83
1783440592,82
1783440593,81
1783440595,80
1783440596,78
1783440597,75
1783440598,74
1783440599,76
1783440600,76
1783440601,79
1783440602,77
1783440603,76
1783440604,76
1783440605,76
1783440606,77
1783440607,77
1783440608,75
1783440609,77
1783440610,76
1783440611,78
1783440612,75
1783440613,76
1783440614,79
1783440615,82
1783440616,85
1783440617,85
1783440618,88
1783440619,90
1783440620,88
1783440621,91
1783440622,93
1783440623,93
1783440625,96
1783440626,98
1783440627,98
1783440628,98
1783440629,99
1783440630,96
1783440631,93
1783440632,95
1783440633,97
1783440634,99
1783440635,100
1783440636,97
1783440637,98
1783440638,100
1783440639,100
1783440640,100
1783440641,98
1783440642,100
1783440643,98
1783440644,100
1783440645,99
1783440646,99
1783440647,100
1783440648,98
1783440649,98
1783440650,95
1783440651,93
1783440652,94
1783440653,95
1783440654,98
1783440656,95
1783440657,92
1783440658,93
1783440659,91
1783440660,92
1783440661,94
1783440662,91
1783440663,92
1783440664,89
1783440665,86
1783440666,88
1783440667,89
1783440668,92
1783440669,91
1783440670,92
1783440671,92
1783440672,91
1783440673,94
1783440674,92
1783440675,91
1783440676,91
1783440677,88
1783440678,89
1783440679,87
1783440680,89
1783440681,89
1783440682,92
1783440683,89
1783440684,90
1783440686,90
1783440687,93
1783440688,91
1783440689,94
1783440690,92
1783440691,92
1783440692,89
1783440693,86
1783440694,86
1783440695,84
1783440696,84
1783440697,83
1783440698,80
1783440699,77
1783440700,79
1783440701,80
1783440702,77
1783440703,77
1783440704,80
1783440705,78
1783440706,76
1783440707,77
1783440708,77
1783440709,80
1783440710,80
1783440711,82
1783440712,81
1783440713,84
1783440714,85
1783440716,88
1783440717,90
1783440718,89
1783440719,89
1783440720,89
1783440721,89
1783440722,89
1783440723,91
1783440724,88
1783440725,90
1783440726,90
1783440727,88
1783440728,87
1783440729,88
1783440730,89
1783440731,86
1783440732,88
1783440733,85
1783440734,83
1783440735,82
1783440736,81
1783440737,83
1783440738,83
1783440739,82
1783440740,85
1783440741,88
1783440742,85
1783440743,86
1783440744,87
1783440746,86
1783440747,85
1783440748,87
1783440749,87
1783440750,90
1783440751,92
1783440752,89
1783440753,92
1783440754,93
1783440755,90
1783440756,90
1783440757,91
1783440758,94
1783440759,93
1783440760,94
1783440761,97
1783440762,96
1783440763,93
1783440764,91
1783440765,91
1783440766,94
1783440767,93
1783440768,96
1783440769,98
1783440770,100
1783440771,100
1783440772,100
1783440773,98
1783440774,97
1783440776,97
1783440777,97
1783440778,100
1783440779,100
1783440780,98
1783440781,96
1783440782,93
1783440783,93
1783440784,91
1783440785,93
1783440786,92
1783440787,90
1783440788,92
1783440789,93
1783440790,90
1783440791,88
1783440792,90
1783440793,89
1783440794,90
1783440795,91
1783440796,91
1783440797,89
1783440798,86
1783440799,89
1783440800,86
1783440801,84
1783440802,87
1783440803,90
1783440805,88
1783440806,87
1783440807,88
1783440808,86
1783440809,89
1783440810,87
1783440811,89
1783440812,92
1783440813,92
1783440814,92
1783440815,92
1783440816,90
1783440817,89
1783440818,92
1783440819,90
1783440820,87
1783440821,86
1783440822,84
1783440823,82
1783440824,81
1783440825,80
1783440826,81
1783440827,80
1783440828,81
1783440829,78
1783440830,81
1783440831,78
1783440832,78
1783440833,81
1783440835,81
1783440836,81
1783440837,81
1783440838,79
1783440839,77
1783440840,77
1783440841,75
1783440842,78
1783440843,79
1783440844,78
1783440845,77
1783440846,74
1783440847,72
1783440848,69
1783440849,72
1783440850,73
1783440851,75
1783440852,74
1783440853,76
1783440854,74
1783440855,73
1783440856,70
1783440857,73
1783440858,74
1783440859,74
1783440860,77
1783440861,74
1783440862,73
1783440863,70
1783440865,70
1783440866,72
1783440867,74
1783440868,76
1783440869,76
1783440870,79
1783440871,78
1783440872,76
1783440873,75
1783440874,72
1783440875,70
1783440876,70
1783440877,73
1783440878,76
1783440879,79
1783440880,81
1783440881,81
1783440882,81
1783440883,81
1783440884,82
1783440885,84
1783440886,85
1783440887,87
1783440888,87
1783440889,88
1783440890,89
1783440891,88
1783440892,88
1783440893,89
1783440894,88
1783440896,90
1783440897,90
1783440898,93
1783440899,95
1783440900,97
1783440901,96
1783440902,99
1783440903,99
1783440904,96
1783440905,98
1783440906,99
1783440907,96
1783440908,94
1783440909,96
1783440910,96
1783440911,96
1783440912,93
1783440913,95
1783440914,98
1783440915,98
1783440916,95
1783440917,94
1783440918,94
1783440919,92
1783440920,95
1783440921,95
1783440922,97
1783440923,99
1783440924,100
1783440926,97
1783440927,99
1783440928,100
1783440929,100
1783440930,100
1783440931,97
1783440932,98
1783440933,95
1783440934,92
1783440935,91
1783440936,92
1783440937,93
1783440938,95
1783440939,97
1783440940,96
1783440941,94
1783440942,92
1783440943,92
1783440944,94
1783440945,93
1783440946,93
1783440947,91
1783440948,92
1783440949,95
1783440950,94
1783440951,96
1783440952,94
1783440953,96
1783440954,98
1783440956,99
1783440957,98
1783440958,100
1783440959,100
1783440960,97
1783440961,100
1783440962,100
1783440963,100
1783440964,99
1783440965,100
1783440966,98
1783440967,95
1783440968,94
1783440969,95
1783440970,92
1783440971,94
1783440972,94
1783440973,97
1783440974,97
1783440975,95
1783440976,96
1783440977,95
1783440978,95
1783440979,97
1783440980,96
1783440981,97
1783440982,95
1783440983,92
1783440984,95
1783440985,98
1783440987,100
1783440988,100
1783440989,98
1783440990,98
1783440991,100
1783440992,100
1783440993,100
1783440994,100
1783440995,97
1783440996,97
1783440997,95
1783440998,97
1783440999,94
1783441000,96
1783441001,97
1783441002,95
1783441003,96
1783441004,95
1783441005,93
1783441006,93
1783441007,91
1783441008,92
1783441009,93
1783441010,95
1783441011,97
1783441012,100
1783441013,100
1783441014,100
1783441016,97
1783441017,99
1783441018,99
1783441019,98
1783441020,100
1783441021,100
1783441022,100
1783441023,97
1783441024,100
1783441025,100
1783441026,100
1783441027,100
1783441028,100
1783441029,100
1783441030,99
1783441031,100
1783441032,97
1783441033,96
1783441034,93
1783441035,93
1783441036,92
1783441037,94
1783441038,94
1783441039,95
1783441040,96
1783441041,96
1783441042,94
1783441043,92
1783441044,89
1783441046,86
1783441047,89
1783441048,86
1783441049,85
1783441050,83
1783441051,84
1783441052,86
1783441053,86
1783441054,83
1783441055,80
1783441056,81
1783441057,80
1783441058,77
1783441059,78
1783441060,75
1783441061,73
1783441062,72
1783441063,70
1783441064,67
1783441065,64
1783441066,64
1783441067,62
1783441068,65
1783441069,65
1783441070,68
1783441071,71
1783441072,73
1783441073,71
1783441074,74
1783441076,73
1783441077,75
1783441078,77
1783441079,77
1783441080,76
1783441081,75
1783441082,77
1783441083,78
1783441084,78
1783441085,81
1783441086,81
1783441087,80
1783441088,83
1783441089,82
1783441090,79
1783441091,76
1783441092,75
1783441093,74
1783441094,76
1783441095,78
1783441096,78
1783441097,76
1783441098,79
1783441099,79
1783441100,76
1783441101,74
1783441102,71
1783441103,74
1783441104,75
1783441105,78
1783441107,81
1783441108,84
1783441109,82
1783441110,81
1783441111,80
1783441112,83
1783441113,80
1783441114,82
1783441115,79
1783441116,78
1783441117,75
1783441118,74
1783441119,73
1783441120,75
1783441121,77
1783441122,75
1783441123,74
1783441124,74
1783441125,72
1783441126,71
1783441127,73
1783441128,75
1783441129,76
1783441130,79
1783441131,79
1783441132,82
1783441133,79
1783441134,79
1783441136,77
1783441137,80
1783441138,81
1783441139,84
1783441140,81
1783441141,81
1783441142,81
1783441143,83
1783441144,80
1783441145,81
1783441146,79
1783441147,79
1783441148,76
1783441149,74
1783441150,74
1783441151,71
1783441152,70
1783441153,69
1783441154,72
1783441155,71
1783441156,68
1783441157,70
1783441158,72
1783441159,70
1783441160,72
1783441161,71
1783441162,72
1783441163,70
1783441164,69
1783441166,69
1783441167,67
1783441168,70
1783441169,73
1783441170,74
1783441171,75
1783441172,72
1783441173,73
1783441174,72
1783441175,72
1783441176,75
1783441177,73
1783441178,72
1783441179,72
1783441180,70
1783441181,72
1783441182,71
1783441183,73
1783441184,73
1783441185,70
1783441186,67
1783441187,68
1783441188,71
1783441189,73
1783441190,73
1783441191,70
1783441192,73
1783441193,70
1783441194,67
1783441195,66
1783441197,67
1783441198,70
1783441199,71
1783441200,71
1783441201,72
1783441202,72
1783441203,75
1783441204,76
1783441205,78
1783441206,78
1783441207,79
1783441208,76
1783441209,73
1783441210,76
1783441211,77
1783441212,79
1783441213,82
1783441214,79
1783441215,77
1783441216,75
1783441217,75
1783441218,78
1783441219,81
1783441220,84
1783441221,84
1783441222,85
1783441223,87
1783441224,85
1783441226,85
1783441227,85
1783441228,86
1783441229,85
1783441230,84
1783441231,82
1783441232,84
1783441233,87
1783441234,90
1783441235,91
1783441236,88
1783441237,86
1783441238,83
1783441239,86
1783441240,88
1783441241,85
1783441242,85
1783441243,83
1783441244,86
1783441245,86
1783441246,85
1783441247,82
1783441248,81
1783441249,80
1783441250,78
1783441251,77
1783441252,80
1783441253,80
1783441254,77
1783441255,75
1783441257,78
1783441258,81
1783441259,83
1783441260,84
1783441261,82
1783441262,82
1783441263,80
1783441264,78
1783441265,77
1783441266,79
1783441267,79
1783441268,82
1783441269,79
1783441270,81
1783441271,80
1783441272,83
1783441273,83
1783441274,83
1783441275,83
1783441276,81
1783441277,78
1783441278,79
1783441279,82
1783441280,83
1783441281,81
1783441282,84
1783441283,81
1783441284,83
1783441285,83
1783441286,86
1783441288,87
1783441289,84
1783441290,87
1783441291,84
1783441292,82
1783441293,83
1783441294,84
1783441295,81
1783441296,78
1783441297,81
1783441298,79
1783441299,82
1783441300,82
1783441301,81
1783441302,80
1783441303,80
1783441304,82
1783441305,80
1783441306,81
1783441307,82
1783441308,80
1783441309,82
1783441310,84
1783441311,82
1783441312,79
1783441313,81
1783441314,84
1783441315,82
1783441316,83
1783441318,82
1783441319,85
1783441320,85
1783441321,87
1783441322,89
1783441323,90
1783441324,87
1783441325,88
1783441326,89
1783441327,87
1783441328,90
1783441329,91
1783441330,94
1783441331,93
1783441332,91
1783441333,92
1783441334,95
1783441335,98
1783441336,97
1783441337,98
1783441338,97
1783441339,96
1783441340,99
1783441341,97
1783441342,99
1783441343,100
1783441344,98
1783441345,95
1783441347,98
1783441348,100
1783441349,98
1783441350,97
1783441351,98
1783441352,99
1783441353,100
1783441354,100
1783441355,100
1783441356,100
1783441357,100
1783441358,100
1783441359,98
1783441360,96
1783441361,95
1783441362,94
1783441363,92
1783441364,91
1783441365,92
1783441366,89
1783441367,91
1783441368,93
1783441369,94
1783441370,94
1783441371,91
1783441372,93
1783441373,94
1783441374,96
1783441375,94
1783441377,96
1783441378,97
1783441379,96
1783441380,95
1783441381,97
1783441382,94
1783441383,91
1783441384,94
1783441385,93
1783441386,90
1783441387,88
1783441388,88
1783441389,90
1783441390,90
1783441391,92
1783441392,92
1783441393,94
1783441394,94
1783441395,96
1783441396,96
1783441397,95
1783441398,95
1783441399,95
1783441400,92
1783441401,90
1783441402,90
1783441403,90
1783441404,90
1783441405,92
1783441407,91
1783441408,93
1783441409,94
1783441410,93
1783441411,90
1783441412,88
1783441413,91
1783441414,89
1783441415,87
1783441416,86
1783441417,89
1783441418,88
1783441419,87
1783441420,90
1783441421,87
1783441422,84
1783441423,82
1783441424,84
1783441425,81
1783441426,84
1783441427,87
1783441428,84
1783441429,83
1783441430,83
1783441431,84
1783441432,81
1783441433,81
1783441434,83
1783441435,85
1783441437,82
1783441438,83
1783441439,83
1783441440,85
1783441441,88
1783441442,86
1783441443,83
1783441444,81
1783441445,79
1783441446,78
1783441447,75
1783441448,74
1783441449,75
1783441450,75
1783441451,75
1783441452,72
1783441453,70
1783441454,68
1783441455,71
1783441456,72
1783441457,73
1783441458,74
1783441459,74
1783441460,77
1783441461,75
1783441462,72
1783441463,70
1783441464,71
1783441465,68
1783441466,70
1783441468,71
1783441469,70
1783441470,72
1783441471,72
1783441472,71
1783441473,71
1783441474,73
1783441475,73
1783441476,70
1783441477,70
1783441478,71
1783441479,70
1783441480,67
1783441481,66
1783441482,69
1783441483,70
1783441484,68
1783441485,65
1783441486,62
1783441487,59
1783441488,56
1783441489,59
1783441490,56
1783441491,59
1783441492,58
1783441493,60
1783441494,61
1783441495,62
1783441496,59
1783441498,58
1783441499,61
1783441500,61
1783441501,62
1783441502,64
1783441503,62
1783441504,63
1783441505,61
1783441506,63
1783441507,63
1783441508,60
1783441509,62
1783441510,63
1783441511,60
1783441512,60
1783441513,62
1783441514,64
1783441515,61
1783441516,60
1783441517,62
1783441518,59
1783441519,61
1783441520,63
1783441521,62
1783441522,59
1783441523,62
1783441524,61
1783441525,59
1783441526,58
1783441528,58
1783441529,60
1783441530,62
1783441531,62
1783441532,60
1783441533,62
1783441534,62
1783441535,60
1783441536,61
1783441537,63
1783441538,60
1783441539,59
1783441540,56
1783441541,58
1783441542,57
1783441543,55
1783441544,54
1783441545,53
1783441546,55
1783441547,58
1783441548,57
1783441549,55
1783441550,52
1783441551,50
1783441552,52
1783441553,49
1783441554,47
1783441555,49
1783441556,48
1783441557,50
1783441559,51
1783441560,49
1783441561,46
1783441562,49
1783441563,52
1783441564,49
1783441565,52
1783441566,49
1783441567,51
1783441568,52
1783441569,51
1783441570,48
1783441571,50
1783441572,47
1783441573,48
1783441574,47
1783441575,46
1783441576,49
1783441577,49
1783441578,46
1783441579,44
1783441580,46
1783441581,44
1783441582,45
1783441583,46
1783441584,48
1783441585,49
1783441586,50
1783441587,50
1783441589,53
1783441590,53
1783441591,56
1783441592,59
1783441593,60
1783441594,61
1783441595,59
1783441596,57
1783441597,57
1783441598,54
1783441599,56
1783441600,58
1783441601,61
1783441602,59
1783441603,59
1783441604,60
1783441605,57
1783441606,59
1783441607,57
1783441608,56
1783441609,56
1783441610,55
1783441611,56
1783441612,59
1783441613,59
1783441614,61
1783441615,62
1783441616,64
1783441617,67
1783441619,64
1783441620,62
1783441621,65
1783441622,63
1783441623,61
1783441624,59
1783441625,62
1783441626,60
1783441627,58
1783441628,56
1783441629,59
1783441630,61
1783441631,58
1783441632,57
1783441633,55
1783441634,53
1783441635,54
1783441636,56
1783441637,57
1783441638,57
1783441639,57
1783441640,58
1783441641,55
1783441642,57
1783441643,56
1783441644,57
1783441645,55
1783441646,57
1783441648,54
1783441649,52
1783441650,51
1783441651,48
1783441652,48
1783441653,48
1783441654,50
1783441655,53
1783441656,56
1783441657,56
1783441658,55
1783441659,57
1783441660,55
1783441661,56
1783441662,59
1783441663,61
1783441664,62
1783441665,62
1783441666,63
1783441667,66
1783441668,69
1783441669,66
1783441670,64
1783441671,61
1783441672,62
1783441673,60
1783441674,63
1783441675,62
1783441676,62
1783441678,59
1783441679,60
1783441680,61
1783441681,63
1783441682,63
1783441683,65
1783441684,62
1783441685,63
1783441686,61
1783441687,60
1783441688,59
1783441689,57
1783441690,57
1783441691,57
1783441692,60
1783441693,61
1783441694,62
1783441695,59
1783441696,59
1783441697,60
1783441698,58
1783441699,60
1783441700,62
1783441701,63
1783441702,65
1783441703,67
1783441704,68
1783441705,68
1783441706,65
1783441708,64
1783441709,66
1783441710,65
1783441711,66
1783441712,64
1783441713,61
1783441714,62
1783441715,65
1783441716,67
1783441717,70
1783441718,72
1783441719,73
1783441720,75
1783441721,74
1783441722,75
1783441723,75
1783441724,78
1783441725,79
1783441726,82
1783441727,82
1783441728,82
1783441729,84
1783441730,83
1783441731,86
1783441732,83
1783441733,84
1783441734,83
1783441735,83
1783441736,81
1783441737,84
1783441739,81
1783441740,80
1783441741,80
1783441742,80
1783441743,78
1783441744,81
1783441745,81
1783441746,80
1783441747,81
1783441748,83
1783441749,82
1783441750,81
1783441751,82
1783441752,84
1783441753,83
1783441754,86
1783441755,85
1783441756,86
1783441757,88
1783441758,90
1783441759,93
1783441760,94
1783441761,97
1783441762,94
1783441763,97
1783441764,96
1783441765,93
1783441766,92
1783441767,93
1783441769,90
1783441770,91
1783441771,90
1783441772,93
1783441773,94
1783441774,95
1783441775,93
1783441776,94
1783441777,96
1783441778,94
1783441779,91
1783441780,89
1783441781,91
1783441782,88
1783441783,91
1783441784,88
1783441785,87
1783441786,87
1783441787,87
1783441788,84
1783441789,87
1783441790,86
1783441791,84
1783441792,83
1783441793,81
1783441794,79
1783441795,76
1783441796,74
1783441797,77
1783441799,79
1783441800,79
1783441801,77
1783441802,79
1783441803,82
1783441804,85
1783441805,84
1783441806,81
1783441807,79
1783441808,76
1783441809,77
1783441810,75
1783441811,75
1783441812,74
1783441813,73
1783441814,70
1783441815,71
1783441816,74
1783441817,72
1783441818,72
1783441819,75
1783441820,74
1783441821,73
1783441822,74
1783441823,77
1783441824,80
1783441825,83
1783441826,85
1783441827,85
1783441829,86
1783441830,86
1783441831,87
1783441832,87
1783441833,85
1783441834,86
1783441835,84
1783441836,85
1783441837,87
1783441838,90
1783441839,93
1783441840,95
1783441841,95
1783441842,94
1783441843,92
1783441844,91
1783441845,93
1783441846,93
1783441847,96
1783441848,93
1783441849,96
1783441850,95
1783441851,94
1783441852,92
1783441853,90
1783441854,93
1783441855,95
1783441856,97
1783441857,95
1783441859,97
1783441860,97
1783441861,99
1783441862,100
1783441863,97
1783441864,97
1783441865,97
1783441866,98
1783441867,97
1783441868,97
1783441869,97
1783441870,95
1783441871,96
1783441872,93
1783441873,94
1783441874,94
1783441875,95
1783441876,97
1783441877,96
1783441878,99
1783441879,100
1783441880,100
1783441881,99
1783441882,100
1783441883,100
1783441884,100
1783441885,98
1783441886,95
1783441887,96
1783441889,94
1783441890,97
1783441891,96
1783441892,95
1783441893,95
1783441894,96
1783441895,97
1783441896,96
1783441897,98
1783441898,99
1783441899,100
1783441900,100
1783441901,97
1783441902,96
1783441903,97
1783441904,94
1783441905,91
1783441906,93
1783441907,90
1783441908,91
1783441909,89
1783441910,90
1783441911,93
1783441912,95
1783441913,96
1783441914,93
1783441915,90
1783441916,89
1783441917,90
1783441919,89
1783441920,86
1783441921,88
1783441922,89
1783441923,90
1783441924,92
1783441925,89
1783441926,89
1783441927,92
1783441928,92
1783441929,90
1783441930,93
1783441931,95
1783441932,92
1783441933,90
1783441934,93
1783441935,92
1783441936,93
1783441937,95
1783441938,94
1783441939,92
1783441940,93
1783441941,95
1783441942,96
1783441943,99
1783441944,100
1783441945,100
1783441946,100
1783441948,97
1783441949,94
1783441950,95
1783441951,95
1783441952,95
1783441953,98
1783441954,97
1783441955,96
1783441956,99
1783441957,96
1783441958,95
1783441959,93
1783441960,94
1783441961,94
1783441962,97
1783441963,100
1783441964,100
1783441965,100
1783441966,100
1783441967,99
1783441968,97
1783441969,95
1783441970,97
1783441971,94
1783441972,94
1783441973,96
1783441974,96
1783441975,93
1783441976,92
1783441978,94
1783441979,96
1783441980,94
1783441981,97
1783441982,98
1783441983,97
1783441984,100
1783441985,99
1783441986,100
1783441987,98
1783441988,96
1783441989,94
1783441990,93
1783441991,95
1783441992,96
1783441993,98
1783441994,97
1783441995,94
1783441996,97
1783441997,99
1783441998,100
1783441999,100
1783442000,100
1783442001,98
1783442002,98
1783442003,95
1783442004,92
1783442005,93
1783442006,94
1783442007,93
1783442009,94
1783442010,96
1783442011,98
1783442012,100
1783442013,100
1783442014,97
1783442015,98
1783442016,97
1783442017,96
1783442018,97
1783442019,97
1783442020,94
1783442021,93
1783442022,96
1783442023,96
1783442024,95
1783442025,96
1783442026,98
1783442027,96
1783442028,99
1783442029,97
1783442030,99
1783442031,100
1783442032,98
1783442033,98
1783442034,99
1783442035,100
1783442036,98
1783442037,100
1783442039,98
1783442040,100
1783442041,100
1783442042,99
1783442043,97
1783442044,100
1783442045,100
1783442046,100
1783442047,99
1783442048,99
1783442049,100
1783442050,98
1783442051,100
1783442052,100
1783442053,99
1783442054,100
1783442055,100
1783442056,97
1783442057,100
1783442058,100
1783442059,100
1783442060,100
1783442061,100
1783442062,100
1783442063,99
1783442064,99
1783442065,100
1783442066,100
1783442067,100
1783442068,100
1783442070,100
1783442071,97
1783442072,94
1783442073,94
1783442074,94
1783442075,94
1783442076,92
1783442077,94
1783442078,95
1783442079,96
1783442080,99
1783442081,100
1783442082,97
1783442083,99
1783442084,96
1783442085,94
1783442086,91
1783442087,88
1783442088,88
1783442089,85
1783442090,87
1783442091,90
1783442092,88
1783442093,85
1783442094,87
1783442095,88
1783442096,88
1783442097,88
1783442098,89
1783442100,86
1783442101,86
1783442102,84
1783442103,81
1783442104,81
1783442105,84
1783442106,81
1783442107,81
1783442108,80
1783442109,82
1783442110,80
1783442111,79
1783442112,78
1783442113,78
1783442114,81
1783442115,83
1783442116,85
1783442117,82
1783442118,85
1783442119,85
1783442120,85
1783442121,87
1783442122,88
1783442123,86
1783442124,83
1783442125,86
1783442126,84
1783442127,83
1783442128,83
1783442129,80
1783442131,81
1783442132,83
1783442133,80
1783442134,79
1783442135,77
1783442136,78
1783442137,81
1783442138,81
1783442139,80
1783442140,78
1783442141,80
1783442142,78
1783442143,78
1783442144,76
1783442145,79
1783442146,76
1783442147,76
1783442148,76
1783442149,77
1783442150,80
1783442151,77
1783442152,76
1783442153,74
1783442154,73
1783442155,75
1783442156,75
1783442157,74
1783442158,71
1783442159,74
1783442160,72
1783442161,74
1783442163,72
1783442164,75
1783442165,76
1783442166,73
1783442167,72
1783442168,70
1783442169,72
1783442170,75
1783442171,78
1783442172,81
1783442173,84
1783442174,82
1783442175,81
1783442176,80
1783442177,78
1783442178,80
1783442179,79
1783442180,82
1783442181,80
1783442182,80
1783442183,83
1783442184,85
1783442185,87
1783442186,84
1783442187,86
1783442188,83
1783442189,84
1783442190,83
1783442192,85
1783442193,84
1783442194,82
1783442195,80
1783442196,77
1783442197,76
1783442198,77
1783442199,76
1783442200,74
1783442201,72
1783442202,75
1783442203,78
1783442204,78
1783442205,78
1783442206,78
1783442207,80
1783442208,77
1783442209,74
1783442210,75
1783442211,78
1783442212,78
1783442213,81
1783442214,78
1783442215,80
1783442216,81
1783442217,83
1783442218,84
1783442219,87
1783442220,89
1783442222,91
1783442223,93
1783442224,96
1783442225,96
1783442226,93
1783442227,96
1783442228,99
1783442229,100
1783442230,100
1783442231,100
1783442232,99
1783442233,100
1783442234,99
1783442235,99
1783442236,100
1783442237,99
1783442238,99
1783442239,97
1783442240,99
1783442241,100
1783442242,100
1783442243,100
1783442244,97
1783442245,97
1783442246,97
1783442247,97
1783442248,98
1783442249,100
1783442250,100
1783442252,97
1783442253,94
1783442254,94
1783442255,96
1783442256,97
1783442257,98
1783442258,100
1783442259,97
1783442260,95
1783442261,94
1783442262,97
1783442263,99
1783442264,99
1783442265,99
1783442266,100
1783442267,98
1783442268,97
1783442269,96
1783442270,95
1783442271,97
1783442272,94
1783442273,95
1783442274,94
1783442275,93
1783442276,95
1783442277,97
1783442278,99
1783442279,100
1783442280,100
1783442282,98
1783442283,99
1783442284,100
1783442285,100
1783442286,100
1783442287,100
1783442288,100
1783442289,100
1783442290,100
1783442291,100
1783442292,100
1783442293,99
1783442294,100
1783442295,98
1783442296,95
1783442297,95
1783442298,96
1783442299,95
1783442300,95
1783442301,97
1783442302,95
1783442303,95
1783442304,94
1783442305,95
1783442306,95
1783442307,94
1783442308,94
1783442309,91
1783442310,88
1783442311,88
1783442312,91
1783442314,89
1783442315,91
1783442316,88
1783442317,91
1783442318,90
1783442319,89
1783442320,86
1783442321,85
1783442322,87
1783442323,86
1783442324,84
1783442325,87
1783442326,90
1783442327,91
1783442328,91
1783442329,91
1783442330,91
1783442331,91
1783442332,94
1783442333,91
1783442334,94
1783442335,97
1783442336,98
1783442337,97
1783442338,100
1783442339,100
1783442340,97
1783442341,99
1783442342,97
1783442344,95
1783442345,94
1783442346,92
1783442347,91
1783442348,88
1783442349,89
1783442350,89
1783442351,87
1783442352,87
1783442353,88
1783442354,88
1783442355,91
1783442356,94
1783442357,97
1783442358,97
1783442359,97
1783442360,94
1783442361,96
1783442362,96
1783442363,93
1783442364,90
1783442365,89
1783442366,87
1783442367,89
1783442368,91
1783442369,91
1783442370,90
1783442371,88
1783442372,88
1783442374,87
1783442375,85
1783442376,86
1783442377,89
1783442378,86
1783442379,89
1783442380,91
1783442381,92
1783442382,95
1783442383,96
1783442384,95
1783442385,97
1783442386,98
1783442387,98
1783442388,100
1783442389,99
1783442390,99
1783442391,97
1783442392,100
1783442393,100
1783442394,100
1783442395,99
1783442396,96
1783442397,97
1783442398,96
1783442399,96
1783442400,93
1783442401,93
1783442402,91
1783442404,93
1783442405,91
1783442406,92
1783442407,94
1783442408,92
1783442409,92
1783442410,93
1783442411,95
1783442412,94
1783442413,93
1783442414,94
1783442415,96
1783442416,94
1783442417,95
1783442418,96
1783442419,94
1783442420,94
1783442421,95
1783442422,98
1783442423,95
1783442424,92
1783442425,89
1783442426,89
1783442427,92
1783442428,93
1783442429,94
1783442430,95
1783442431,94
1783442432,94
1783442434,97
1783442435,98
1783442436,99
1783442437,96
1783442438,96
1783442439,99
1783442440,100
1783442441,97
1783442442,94
1783442443,95
1783442444,95
1783442445,93
1783442446,93
1783442447,95
1783442448,93
1783442449,90
1783442450,91
1783442451,94
1783442452,91
1783442453,89
1783442454,91
1783442455,94
1783442456,93
1783442457,96
1783442458,97
1783442459,96
1783442460,93
1783442461,93
1783442463,91
1783442464,93
1783442465,90
1783442466,93
1783442467,96
1783442468,99
1783442469,100
1783442470,99
1783442471,100
1783442472,100
1783442473,100
1783442474,97
1783442475,98
1783442476,97
1783442477,97
1783442478,97
1783442479,98
1783442480,100
1783442481,99
1783442482,100
1783442483,100
1783442484,98
1783442485,96
1783442486,96
1783442487,94
1783442488,94
1783442489,91
1783442490,92
1783442491,93
1783442492,91
1783442494,94
1783442495,96
1783442496,93
1783442497,94
1783442498,94
1783442499,91
1783442500,89
1783442501,91
1783442502,93
1783442503,96
1783442504,96
1783442505,98
1783442506,100
1783442507,98
1783442508,100
1783442509,98
1783442510,100
1783442511,97
1783442512,100
1783442513,100
1783442514,99
1783442515,96
1783442516,93
1783442517,93
1783442518,91
1783442519,91
1783442520,90
1783442521,93
1783442523,91
1783442524,90
1783442525,90
1783442526,92
1783442527,95
1783442528,97
1783442529,94
1783442530,92
1783442531,91
1783442532,88
1783442533,90
1783442534,90
1783442535,93
1783442536,93
1783442537,96
1783442538,97
1783442539,95
1783442540,94
1783442541,93
1783442542,95
1783442543,92
1783442544,92
1783442545,89
1783442546,87
1783442547,90
1783442548,91
1783442549,93
1783442550,93
1783442551,90
1783442553,89
1783442554,89
1783442555,90
1783442556,93
1783442557,95
1783442558,92
1783442559,92
1783442560,91
1783442561,92
1783442562,92
1783442563,90
1783442564,88
1783442565,86
1783442566,88
1783442567,89
1783442568,88
1783442569,85
1783442570,88
1783442571,85
1783442572,83
1783442573,81
1783442574,78
1783442575,78
1783442576,76
1783442577,78
1783442578,79
1783442579,81
1783442580,79
1783442581,82
1783442582,83
1783442583,85
1783442585,84
1783442586,85
1783442587,86
1783442588,86
1783442589,87
1783442590,90
1783442591,87
1783442592,85
1783442593,84
1783442594,82
1783442595,80
1783442596,82
1783442597,83
1783442598,81
1783442599,84
1783442600,85
1783442601,88
1783442602,89
1783442603,91
1783442604,92
1783442605,92
1783442606,95
1783442607,92
1783442608,89
1783442609,86
1783442610,88
1783442611,85
1783442612,84
1783442613,81
1783442615,79
1783442616,81
1783442617,83
1783442618,85
1783442619,87
1783442620,90
1783442621,90
1783442622,90
1783442623,88
1783442624,88
1783442625,89
1783442626,90
1783442627,87
1783442628,88
1783442629,88
1783442630,91
1783442631,90
1783442632,89
1783442633,86
1783442634,84
1783442635,84
1783442636,86
1783442637,88
1783442638,89
1783442639,92
1783442640,94
1783442641,93
1783442642,92
1783442643,89
1783442644,86
1783442646,88
1783442647,90
1783442648,90
1783442649,91
1783442650,91
1783442651,90
1783442652,93
1783442653,95
1783442654,92
1783442655,95
1783442656,95
1783442657,95
1783442658,93
1783442659,90
1783442660,93
1783442661,92
1783442662,89
1783442663,88
1783442664,88
1783442665,90
1783442666,89
1783442667,88
1783442668,88
1783442669,85
1783442670,88
1783442671,91
1783442672,91
1783442673,90
1783442675,93
1783442676,94
1783442677,92
1783442678,95
1783442679,92
1783442680,90
1783442681,89
1783442682,89
1783442683,91
1783442684,92
1783442685,93
1783442686,94
1783442687,96
1783442688,95
1783442689,92
1783442690,92
1783442691,94
1783442692,97
1783442693,100
1783442694,97
1783442695,99
1783442696,97
1783442697,95
1783442698,95
1783442699,98
1783442700,98
1783442701,96
1783442702,95
1783442703,95
1783442704,94
1783442706,92
1783442707,92
1783442708,94
1783442709,94
1783442710,94
1783442711,91
1783442712,89
1783442713,91
1783442714,88
1783442715,90
1783442716,90
1783442717,88
1783442718,90
1783442719,93
1783442720,93
1783442721,91
1783442722,89
1783442723,91
1783442724,91
1783442725,93
1783442726,92
1783442727,93
1783442728,93
1783442729,92
1783442730,91
1783442731,92
1783442732,92
1783442733,94
1783442734,97
1783442735,98
1783442736,100
1783442738,100
1783442739,100
1783442740,100
1783442741,99
1783442742,96
1783442743,97
1783442744,96
1783442745,95
1783442746,93
1783442747,93
1783442748,90
1783442749,89
1783442750,92
1783442751,94
1783442752,97
1783442753,94
1783442754,95
1783442755,94
1783442756,93
1783442757,94
1783442758,95
1783442759,94
1783442760,96
1783442761,97
1783442762,99
1783442763,100
1783442764,100
1783442765,100
1783442767,97
1783442768,94
1783442769,93
1783442770,96
1783442771,98
1783442772,97
1783442773,96
1783442774,93
1783442775,95
1783442776,95
1783442777,98
1783442778,96
1783442779,97
1783442780,95
1783442781,98
1783442782,100
1783442783,99
1783442784,100
1783442785,100
1783442786,100
1783442787,100
1783442788,99
1783442789,96
1783442790,97
1783442791,97
1783442792,94
1783442793,93
1783442794,90
1783442795,87
1783442796,84
1783442798,85
1783442799,84
1783442800,83
1783442801,81
1783442802,84
1783442803,82
1783442804,83
1783442805,83
1783442806,83
1783442807,83
1783442808,81
1783442809,82
1783442810,82
1783442811,81
1783442812,82
1783442813,81
1783442814,81
1783442815,81
1783442816,83
1783442817,86
1783442818,87
1783442819,85
1783442820,87
1783442821,87
1783442822,86
1783442823,89
1783442824,88
1783442825,91
1783442826,89
1783442828,92
1783442829,95
1783442830,93
1783442831,93
1783442832,93
1783442833,95
1783442834,95
1783442835,96
1783442836,94
1783442837,97
1783442838,100
1783442839,100
1783442840,97
1783442841,95
1783442842,96
1783442843,98
1783442844,95
1783442845,92
1783442846,90
1783442847,91
1783442848,90
1783442849,90
1783442850,88
1783442851,85
1783442852,86
1783442853,88
1783442854,87
1783442855,86
1783442856,88
1783442858,87
1783442859,84
1783442860,86
1783442861,85
1783442862,83
1783442863,86
1783442864,89
1783442865,86
1783442866,83
1783442867,81
1783442868,83
1783442869,84
1783442870,87
1783442871,87
1783442872,85
1783442873,86
1783442874,83
1783442875,85
1783442876,83
1783442877,85
1783442878,86
1783442879,83
1783442880,83
1783442881,80
1783442882,83
1783442883,83
1783442884,86
1783442885,84
1783442886,82
1783442888,80
1783442889,83
1783442890,86
1783442891,85
1783442892,86
1783442893,85
1783442894,86
1783442895,85
1783442896,82
1783442897,85
1783442898,82
1783442899,79
1783442900,76
1783442901,73
1783442902,71
1783442903,69
1783442904,72
1783442905,74
1783442906,72
1783442907,69
1783442908,67
1783442909,64
1783442910,64
1783442911,62
1783442912,62
1783442913,59
1783442914,57
1783442915,55
1783442916,55
1783442918,56
1783442919,58
1783442920,55
1783442921,54
1783442922,57
1783442923,57
1783442924,60
1783442925,62
1783442926,64
1783442927,63
1783442928,65
1783442929,66
1783442930,64
1783442931,61
1783442932,58
1783442933,56
1783442934,53
1783442935,55
1783442936,52
1783442937,55
1783442938,55
1783442939,58
1783442940,59
1783442941,57
1783442942,56
1783442943,53
1783442944,55
1783442945,58
1783442946,61
1783442948,64
1783442949,67
1783442950,65
1783442951,67
1783442952,64
1783442953,65
1783442954,68
1783442955,71
1783442956,69
1783442957,70
1783442958,72
1783442959,74
1783442960,75
1783442961,73
1783442962,73
1783442963,72
1783442964,70
1783442965,71
1783442966,68
1783442967,68
1783442968,66
1783442969,69
1783442970,68
1783442971,67
1783442972,64
1783442973,61
1783442974,62
1783442975,63
1783442976,62
1783442978,65
1783442979,63
1783442980,65
1783442981,62
1783442982,60
1783442983,62
1783442984,59
1783442985,56
1783442986,57
1783442987,60
1783442988,57
1783442989,59
1783442990,62
1783442991,60
1783442992,60
1783442993,57
1783442994,56
1783442995,56
1783442996,56
1783442997,59
1783442998,60
1783442999,61
1783443000,61
1783443001,62
1783443002,59
1783443003,58
1783443004,56
1783443005,57
1783443006,57
1783443008,55
1783443009,53
1783443010,55
1783443011,57
1783443012,54
1783443013,57
1783443014,55
1783443015,53
1783443016,56
1783443017,53
1783443018,50
1783443019,53
1783443020,51
1783443021,49
1783443022,46
1783443023,48
1783443024,48
1783443025,45
1783443026,45
1783443027,46
1783443028,48
1783443029,51
1783443030,54
1783443031,51
1783443032,52
1783443033,51
1783443034,53
1783443035,53
1783443036,53
1783443038,56
1783443039,53
1783443040,56
1783443041,55
1783443042,55
1783443043,58
1783443044,56
1783443045,53
1783443046,55
1783443047,53
1783443048,51
1783443049,53
1783443050,56
1783443051,54
1783443052,53
1783443053,52
1783443054,52
1783443055,54
1783443056,51
1783443057,49
1783443058,52
1783443059,51
1783443060,48
1783443061,49
1783443062,48
1783443063,45
1783443064,42
1783443065,40
1783443066,40
1783443068,40
1783443069,37
1783443070,35
1783443071,33
1783443072,35
1783443073,38
1783443074,41
1783443075,41
1783443076,44
1783443077,45
1783443078,42
1783443079,45
1783443080,45
1783443081,42
1783443082,40
1783443083,40
1783443084,42
1783443085,43
1783443086,42
1783443087,43
1783443088,44
1783443089,43
1783443090,44
1783443091,43
1783443092,41
1783443093,43
1783443094,40
1783443095,37
1783443096,39
1783443097,37
1783443098,36
1783443100,39
1783443101,42
1783443102,45
1783443103,44
1783443104,44
1783443105,45
1783443106,45
1783443107,43
1783443108,44
1783443109,46
1783443110,44
1783443111,44
1783443112,45
1783443113,45
1783443114,43
1783443115,44
1783443116,42
1783443117,44
1783443118,43
1783443119,42
1783443120,43
1783443121,46
1783443122,44
1783443123,43
1783443124,46
1783443125,49
1783443126,52
1783443127,53
1783443128,53
1783443130,56
1783443131,59
1783443132,58
1783443133,57
1783443134,57
1783443135,59
1783443136,58
1783443137,58
1783443138,56
1783443139,58
1783443140,58
1783443141,57
1783443142,58
1783443143,57
1783443144,56
1783443145,58
1783443146,60
1783443147,62
1783443148,63
1783443149,62
1783443150,60
1783443151,60
1783443152,60
1783443153,63
1783443154,61
1783443155,59
1783443156,59
1783443157,60
1783443158,58
1783443160,59
1783443161,59
1783443162,58
1783443163,57
1783443164,59
1783443165,57
1783443166,56
1783443167,55
1783443168,56
1783443169,56
1783443170,57
1783443171,55
1783443172,54
1783443173,56
1783443174,55
1783443175,58
1783443176,57
1783443177,56
1783443178,57
1783443179,59
1783443180,56
1783443181,57
1783443182,58
1783443183,56
1783443184,56
1783443185,53
1783443186,52
1783443187,53
1783443188,51
1783443190,53
1783443191,52
1783443192,54
1783443193,55
1783443194,53
1783443195,56
1783443196,55
1783443197,58
1783443198,57
1783443199,57
1783443200,58
1783443201,55
1783443202,53
1783443203,54
1783443204,51
1783443205,49
1783443206,50
1783443207,48
1783443208,45
1783443209,47
1783443210,49
1783443211,46
1783443212,49
1783443213,50
1783443214,49
1783443215,50
1783443216,47
1783443217,48
1783443218,46
1783443220,48
1783443221,45
1783443222,43
1783443223,46
1783443224,49
1783443225,50
1783443226,50
1783443227,47
1783443228,45
1783443229,47
1783443230,44
1783443231,45
1783443232,48
1783443233,50
1783443234,52
1783443235,52
1783443236,53
1783443237,56
1783443238,53
1783443239,53
1783443240,52
1783443241,50
1783443242,52
1783443243,54
1783443244,51
1783443245,48
1783443246,46
1783443247,47
1783443249,49
1783443250,49
1783443251,47
1783443252,45
1783443253,44
1783443254,45
1783443255,42
1783443256,44
1783443257,46
1783443258,49
1783443259,52
1783443260,55
1783443261,53
1783443262,54
1783443263,54
1783443264,54
1783443265,54
1783443266,55
1783443267,58
1783443268,58
1783443269,59
1783443270,56
1783443271,57
1783443272,57
1783443273,58
1783443274,57
1783443275,56
1783443276,54
1783443277,53
1783443278,50
1783443280,53
1783443281,51
1783443282,53
1783443283,50
1783443284,49
1783443285,50
1783443286,52
1783443287,50
1783443288,52
1783443289,50
1783443290,47
1783443291,49
1783443292,51
1783443293,53
1783443294,53
1783443295,52
1783443296,52
1783443297,49
1783443298,49
1783443299,47
1783443300,44
1783443301,42
1783443302,39
1783443303,38
1783443304,39
1783443305,40
1783443306,43
1783443307,41
1783443309,38
1783443310,36
1783443311,33
1783443312,32
1783443313,33
1783443314,31
1783443315,32
1783443316,31
1783443317,34
1783443318,33
1783443319,30
1783443320,29
1783443321,28
1783443322,27
1783443323,25
1783443324,26
1783443325,23
1783443326,22
1783443327,25
1783443328,27
1783443329,30
1783443330,31
1783443331,33
1783443332,31
1783443333,29
1783443334,26
1783443335,25
1783443336,28
1783443337,31
1783443338,31
1783443340,28
1783443341,30
1783443342,31
1783443343,28
1783443344,30
1783443345,32
1783443346,30
1783443347,33
1783443348,33
1783443349,33
1783443350,36
1783443351,38
1783443352,38
1783443353,39
1783443354,38
1783443355,37
1783443356,37
1783443357,38
1783443358,39
1783443359,39
1783443360,41
1783443361,38
1783443362,39
1783443363,36
1783443364,35
1783443365,37
1783443366,39
1783443367,41
1783443368,41
1783443369,44
1783443371,41
1783443372,40
1783443373,37
1783443374,37
1783443375,35
1783443376,32
1783443377,34
1783443378,32
1783443379,29
1783443380,27
1783443381,26
1783443382,23
1783443383,23
1783443384,20
1783443385,23
1783443386,26
1783443387,26
1783443388,29
1783443389,32
1783443390,35
1783443391,34
1783443392,35
1783443393,35
1783443394,35
1783443395,37
1783443396,37
1783443397,38
1783443398,41
1783443399,39
1783443400,38
1783443402,35
1783443403,37
1783443404,39
1783443405,42
1783443406,44
1783443407,42
1783443408,41
1783443409,38
1783443410,39
1783443411,37
1783443412,39
1783443413,41
1783443414,38
1783443415,40
1783443416,40
1783443417,37
1783443418,38
1783443419,41
1783443420,42
1783443421,42
1783443422,45
1783443423,48
1783443424,51
1783443425,49
1783443426,48
1783443427,50
1783443428,49
1783443429,52
1783443430,54
1783443432,53
1783443433,50
1783443434,50
1783443435,52
1783443436,54
1783443437,57
1783443438,59
1783443439,58
1783443440,59
1783443441,60
1783443442,63
1783443443,64
1783443444,62
1783443445,60
1783443446,59
1783443447,61
1783443448,62
1783443449,60
1783443450,63
1783443451,61
1783443452,59
1783443453,62
1783443454,59
1783443455,56
1783443456,57
1783443457,56
1783443458,56
1783443459,57
1783443460,57
1783443461,57
1783443463,56
1783443464,59
1783443465,57
1783443466,57
1783443467,60
1783443468,60
1783443469,60
1783443470,63
1783443471,61
1783443472,63
1783443473,65
1783443474,64
1783443475,65
1783443476,62
1783443477,60
1783443478,62
1783443479,62
1783443480,63
1783443481,60
1783443482,63
1783443483,61
1783443484,61
1783443485,62
1783443486,65
1783443487,65
1783443488,63
1783443677,66
1783443678,68
1783443679,69
1783443680,66
1783443681,68
1783443682,69
1783443683,72
1783443684,72
1783443685,71
1783443686,74
1783443687,72
1783443688,70
1783443689,70
1783443690,69
1783443691,72
1783443692,69
1783443693,68
1783443694,70
1783443696,71
1783443697,74
1783443698,71
1783443699,74
1783443700,77
1783443701,78
1783443702,81
1783443703,84
1783443704,87
1783443705,87
1783443706,89
1783443707,92
1783443708,93
1783443709,93
1783443710,93
1783443711,96
1783443712,98
1783443713,99
1783443714,100
1783443715,100
1783443716,100
1783443717,100
1783443718,97
1783443719,96
1783443720,98
1783443721,99
1783443722,100
1783443761,97
1783443762,97
1783443763,95
1783443764,97
1783443765,97
1783443766,98
1783443767,100
1783443768,98
1783443769,96
1783443770,96
1783443771,95
1783443772,96
1783443773,95
1783443774,95
1783443775,94
1783443776,91
1783443778,89
1783443779,89
1783443780,90
1783443781,87
1783443782,90
1783443783,88
1783443784,85
1783443785,82
1783443786,84
1783443787,85
1783443788,84
1783443789,83
1783443790,81
1783443791,84
1783443792,83
1783443793,84
1783443794,84
1783443795,86
1783443796,85
1783443797,86
1783443798,88
1783443799,87
1783443800,86
1783443801,87
1783443802,90
1783443803,93
1783443804,91
1783443805,91
1783443806,94
1783444570,95
1783444571,97
1783444572,97
1783444574,99
1783444575,100
1783444576,99
1783444577,100
1783444578,99
1783444579,99
1783444580,100
1783444581,99
1783444582,99
1783444583,97
1783444584,100
1783444585,100
1783444586,100
1783444587,97
1783444588,100
1783444589,100
1783444590,100
1783444591,97
1783444592,96
1783444593,97
1783444594,97
1783444595,99
1783444596,98
1783444597,96
1783444598,98
1783444599,100
1783444600,100
1783444601,100
1783444602,100
1783444604,100
1783444605,98
1783444606,98
1783444607,98
1783444608,95
1783444609,95
1783444610,98
1783444611,98
1783444612,95
1783444613,97
1783444614,95
1783444615,92
1783444616,95
1783444617,97
1783445479,94
1783445480,93
1783445481,91
1783445482,89
1783445483,86
1783445484,85
1783445485,84
1783445486,84
1783445487,84
1783445488,87
1783445489,87
1783445490,85
1783445491,87
1783445492,84
1783445493,82
1783445494,82
1783445495,83
1783445496,84
1783445498,84
1783445499,84
1783445500,86
1783445501,88
1783445502,85
1783445503,88
1783445504,90
1783445505,92
1783445506,89
1783445507,88
1783445508,88
1783445509,87
1783445510,86
1783445511,87
1783445512,89
1783445513,88
1783445514,87
1783445515,87
1783445516,88
1783445517,87
1783445518,89
1783445519,87
1783445520,85
1783445521,85
1783445522,86
1783445523,87
1783445524,84
1783446193,81
1783446194,81
1783446195,79
1783446196,80
1783446197,81
1783446198,81
1783446199,84
1783446200,87
1783446201,85
1783446202,87
1783446203,89
1783446205,92
1783446206,92
1783446207,93
1783446208,96
1783446209,99
1783446210,100
1783446211,99
1783446212,100
1783446213,100
1783446214,98
1783446215,100
1783446216,100
1783446217,97
1783446218,98
1783446219,100
1783446220,98
1783446221,100
1783446222,100
1783446223,98
1783446224,100
1783446225,97
1783446226,100
1783446227,100
1783446228,99
1783446229,96
1783446230,93
1783446231,92
1783446232,92
1783446233,94
1783446234,96
1783446236,95
1783446237,93
1783446238,90
1783446239,88
1783446240,86
1783446241,85
1783446242,84
1783446243,82
1783446244,82
1783446245,83
1783446246,86
1783446247,89
1783446248,91
1783446249,93
1783446250,94
1783446251,97
1783446252,96
1783446253,95
1783446254,93
1783446255,94
1783446256,94
1783446257,97
1783446258,94
1783446259,94
1783446260,97
1783446261,95
1783446262,92
1783446263,93
1783446265,95
1783446266,98
1783446267,97
1783446268,95
1783446269,97
1783446270,100
1783446271,100
1783446272,100
1783446273,100
1783446274,100
1783446275,99
1783446276,96
1783446277,99
1783446278,96
1783446279,94
1783446280,93
1783446281,91
1783446282,92
1783446283,92
1783446284,92
1783446285,89
1783446286,90
1783446287,89
1783446288,88
1783446289,88
1783446290,89
1783446291,86
1783446292,84
1783446293,85
1783446294,84
1783446295,85
1783446296,83
1783446297,86
1783446299,88
1783446300,88
1783446301,88
1783446302,87
1783446303,87
1783446304,90
1783446305,92
1783446306,90
1783446307,92
1783446308,94
1783446309,91
1783446310,89
1783446311,87
1783446312,84
1783446313,81
1783446314,84
1783446315,85
1783446316,88
1783446317,91
1783446318,88
1783446319,87
1783446320,90
1783446321,89
1783446322,86
1783446323,89
1783446324,89
1783446325,88
1783446326,91
1783446327,94
1783446328,92
1783446329,90
1783446330,91
1783446332,91
1783446333,89
1783446334,92
1783446335,90
1783446336,89
1783446337,86
1783446338,86
1783446339,89
1783446340,88
1783446341,88
1783446342,89
1783446343,86
1783446344,89
1783446345,91
1783446346,88
1783446347,85
1783446348,85
1783446349,82
1783446350,79
1783446351,80
1783446352,77
1783446353,75
1783446354,77
1783446355,80
1783446356,80
1783446357,82
1783446358,84
1783446359,87
1783446360,88
1783446361,85
1783446362,85
1783446363,83
1783446365,80
1783446366,82
1783446367,84
1783446368,84
1783446369,87
1783446370,89
1783446371,86
1783446372,83
1783446373,80
1783446374,80
1783446375,79
1783446376,80
1783446377,83
1783446378,85
1783446379,83
1783446380,85
1783446381,86
1783446382,83
1783446383,81
1783446384,80
1783446385,82
1783446386,82
1783446387,85
1783446388,83
1783446389,80
1783446390,81
1783446391,79
1783446392,82
1783446393,82
1783446394,80
1783446395,77
1783446396,78
1783446397,80
1783446399,81
1783446400,83
1783446401,86
1783446402,89
1783446403,86
1783446404,84
1783446405,81
1783446406,78
1783446407,77
1783446408,78
1783446409,78
1783446410,76
1783446411,74
1783446412,75
1783446413,75
1783446414,72
1783446415,74
1783446416,74
1783446417,76
1783446418,74
1783446419,72
1783446420,75
1783446421,73
1783446422,76
1783446423,73
1783446424,75
1783446425,75
1783446426,77
1783446427,80
1783446428,82
1783446429,79
1783446430,80
1783446432,78
1783446433,80
1783446434,78
1783446435,80
1783446436,82
1783446437,84
1783446438,84
1783446439,85
1783446440,88
1783446441,86
1783446442,83
1783446443,84
1783446444,85
1783446445,86
1783446446,86
1783446447,88
1783446448,91
1783446449,89
1783446450,88
1783446451,88
1783446452,89
1783446453,89
1783446454,91
1783446455,88
1783446456,85
1783446457,85
1783446458,86
1783446459,86
1783446460,89
1783446461,90
1783446462,87
1783446463,90
1783446465,88
1783446466,89
1783446467,87
1783446468,86
1783446469,86
1783446470,87
1783446471,89
1783446472,86
1783446473,85
1783446474,84
1783446475,87
1783446476,89
1783446477,91
1783446478,90
1783446479,87
1783446480,88
1783446481,86
1783446482,87
1783446483,89
1783446484,89
1783446485,90
1783446486,87
1783446487,85
1783446488,84
1783446489,81
1783446490,82
1783446491,85
1783446492,83
1783446493,80
1783446494,78
1783446495,81
1783446497,83
1783446498,86
1783446499,83
1783446500,81
1783446501,79
1783446502,81
1783446503,84
1783446504,83
1783446505,81
1783446506,80
1783446507,78
1783446508,75
1783446509,73
1783446510,71
1783446511,70
1783446512,67
1783446513,69
1783446514,68
1783446515,66
1783446516,68
1783446517,67
1783446518,65
1783446519,63
1783446520,60
1783446521,62
1783446522,60
1783446523,61
1783446524,62
1783446525,59
1783446526,57
1783446527,58
1783446528,60
1783446529,59
1783446531,58
1783446532,58
1783446533,58
1783446534,60
1783446535,62
1783446536,62
1783446537,60
1783446538,58
1783446539,61
1783446540,63
1783446541,62
1783446542,63
1783446543,63
1783446544,60
1783446545,57
1783446546,55
1783446547,55
1783446548,53
1783446549,54
1783446550,53
1783446551,55
1783446552,58
1783446553,55
1783446554,54
1783446555,52
1783446556,52
1783446557,50
1783446558,53
1783446559,56
1783446560,55
1783446561,55
1783446563,52
1783446564,55
1783446565,57
1783446566,58
1783446567,60
1783446568,60
1783446569,57
1783446570,60
1783446571,60
1783446572,61
1783446573,59
1783446574,59
1783446575,57
1783446576,56
1783446577,56
1783446578,58
1783446579,61
1783446580,58
1783446581,56
1783446582,55
1783446583,53
1783446584,54
1783446585,52
1783446586,55
1783446587,54
1783446588,54
1783446589,53
1783446590,52
1783446591,49
1783446592,47
1783446593,49
1783446594,52
1783446595,54
1783446597,52
1783446598,50
1783446599,53
1783446600,54
1783446601,56
1783446602,57
1783446603,60
1783446604,62
1783446605,64
1783446606,66
1783446607,69
1783446608,71
1783446609,68
1783446610,68
1783446611,65
1783446612,62
1783446613,65
1783446614,67
1783446615,65
1783446616,63
1783446617,66
1783446618,68
1783446619,69
1783446620,68
1783446621,69
1783446622,69
1783446623,70
1783446624,68
1783446625,69
1783446626,68
1783446627,67
1783446628,65
1783446630,63
1783446631,63
1783446632,61
1783446633,63
1783446634,61
1783446635,61
1783446636,60
1783446637,58
1783446638,59
1783446639,62
1783446640,62
1783446641,59
1783446642,62
1783446643,60
1783446644,58
1783446645,58
1783446646,56
1783446647,58
1783446648,61
1783446649,59
1783446650,58
1783446651,60
1783446652,58
1783446653,56
1783446654,59
1783446655,62
1783446656,59
1783446657,62
1783446658,62
1783446659,62
1783446660,63
1783446661,65
1783446662,64
1783446663,66
1783446664,69
1783446666,69
1783446667,68
1783446668,71
1783446669,70
1783446670,69
1783446671,70
1783446672,73
1783446673,70
1783446674,69
1783446675,72
1783446676,72
1783446677,75
1783446678,73
1783446679,76
1783446680,75
1783446681,72
1783446682,73
1783446683,76
1783446684,76
1783446685,75
1783446686,78
1783446687,81
1783446688,83
1783446689,86
1783446690,84
1783446691,82
1783446692,84
1783446693,81
1783446694,80
1783446695,81
1783446696,81
1783446697,83
1783446698,81
1783446699,80
1783446700,80
1783446702,79
1783446703,79
1783446704,80
1783446705,77
1783446706,76
1783446707,77
1783446708,74
1783446709,77
1783446710,74
1783446711,77
1783446712,78
1783446713,80
1783446714,83
1783446715,82
1783446716,80
1783446717,78
1783446718,81
1783446719,82
1783446720,81
1783446721,81
1783446722,79
1783446723,82
1783446724,79
1783446725,77
1783446726,79
1783446727,77
1783446728,78
